"id","nombre","descripcion","precio_base","precio_oferta","descuento_porcentaje","oferta_activa","stock","estado","categoria_id","empresa_id","created_at","updated_at"
"1","Port√°til - ASUS Zenbook 14 OLED UX3405MA-PZ907W, 14"" 3K, Intel¬Æ Core‚Ñ¢ Ultra 9 185H, 16 GB RAM, 1 TB SSD, Arc‚Ñ¢ Onboard Graphics, Windows 11 Home","Descubre una nueva dimensi√≥n con el port√°til ASUS Zenbook 14 OLED, un ultraligero que redefine la elegancia y la sofisticaci√≥n. Este dispositivo de alta gama no solo eleva tu productividad y entretenimiento, sino que tambi√©n destaca por su dise√±o de calidad superior, pensado para ofrecer un rendimiento excepcional y una durabilidad insuperable. Este exclusivo port√°til es una apuesta segura, resistente y confiable que maximiza cada jornada con su bater√≠a de larga duraci√≥n y potencia de primer nivel gracias al procesador Intel¬Æ Core‚Ñ¢ Ultra 9 y los gr√°ficos Intel Arc‚Ñ¢. Disfruta de una conectividad completa con todos los puertos esenciales y sum√©rgete en la impactante pantalla t√°ctil ASUS OLED, complementada por un sonido potente y envolvente de alta calidad.","1156.20","1032.23","11","1","100","activo","7","1","2025-05-15 20:04:35","2025-05-15 20:04:35"
"2","Monitor LG UltraGear 27GS50F-B 27"" LED VA FullHD 180Hz FreeSync","Monitor gaming LG UltraGear‚Ñ¢ FHD de 27‚Äù y 180 Hz con un tiempo de respuesta MBR de 1 ms. Disfruta de una experiencia visual m√°s inmersiva y con colores vibrantes gracias a NTSC 72%. La tecnolog√≠a AMD FreeSync minimiza la fragmentaci√≥n de la imagen disfrutando de movimientos m√°s fluidos.","164.46","98.35","40","1","200","activo","7","1","2025-05-15 20:05:49","2025-05-15 20:05:49"
"3","Disco Duro Samsung 990 Pro 1TB Disco SSD 7450MB/S NVMe PCIe 4.0 M.2 Gen4","Descubre el potente rendimiento con PCIe 4.0 y experimenta velocidades de v√©rtigo para vencer al contrincante. La regulaci√≥n t√©rmica del controlador Samsung ofrece una alta eficiencia energ√©tica manteniendo el m√°ximo rendimiento y altas velocidades.","130.64","94.02","28","1","100","activo","7","1","2025-05-15 20:07:06","2025-05-15 20:07:06"
"4","Memoria RAM Kingston FURY Beast DDR4 3200 MHz 16 GB CL16","La memoria para PC FURY Beast DDR4 de Kingston ofrece un potente aumento de rendimiento para juegos, edici√≥n de v√≠deo y renderizaci√≥n con velocidades de hasta 3733 MHz. Esta rentable actualizaci√≥n est√° disponible en velocidades de 2666 MHz a 3733 MHz, con latencias de CL15 a 19, capacidades de 4 GB a 32 GB en m√≥dulos individuales y de 8 GB a 128 GB en kits. Su overclocking autom√°tico Plug N Play a velocidades de 2666 MHz est√° disponible en Intel XMP y Ryzen. El m√≥dulo FURY Beast DDR4 se mantiene fresco gracias a su elegante y delgado disipador de calor. Probada al 100% y garantizada de por vida, esta actualizaci√≥n es muy f√°cil y sin problemas para tu sistema Intel o AMD.","27.26",NULL,NULL,"0","98","activo","7","1","2025-05-15 20:08:05","2025-05-15 20:08:05"
"5","Tarjeta Gr√°fica MSI GeForce RTX 4060 Ti VENTUS 2X BLACK OC 8GB GDDR6 DLSS3","Las GPU NVIDIA¬Æ GeForce RTX¬Æ serie 40 son m√°s que r√°pidas para jugadores y creadores. Cuentan con la tecnolog√≠a de la arquitectura ultra eficiente NVIDIA Ada Lovelace, que ofrece un salto espectacular tanto en rendimiento como en gr√°ficos con tecnolog√≠a de IA. Disfruta de mundos virtuales realistas con trazado de rayos y juegos con FPS ultra altos y la latencia m√°s baja. Descubre nuevas y revolucionarias formas de crear contenido y una aceleraci√≥n de flujo de trabajo sin precedentes.","371.82",NULL,NULL,"0","100","activo","7","1","2025-05-15 20:09:12","2025-05-15 20:09:12"
"6","Procesador AMD Ryzen 7 5700X 3.4GHz Box sin Ventilador","Cuando cuentas con la arquitectura de procesadores de escritorio m√°s avanzada del mundo para jugadores y creadores de contenido, las posibilidades son infinitas. Ya sea que juegues los juegos m√°s recientes, dise√±es el pr√≥ximo rascacielos o proceses datos, necesitas un procesador poderoso que pueda dar respuesta a todas estas demandas, y m√°s. Sin lugar a dudas, los procesadores para computadoras de escritorio AMD Ryzen‚Ñ¢ serie 5000 elevan el nivel de expectativa para jugadores y artistas por igual.","291.74","128.92","56","1","300","activo","7","1","2025-05-15 20:10:14","2025-05-15 20:10:14"
"7","Logitech G Pro X 60 Lightspeed Teclado Inal√°mbrico Gaming Mec√°nico RGB TKL Negro","Dise√±ado con los mejores deportistas de esports del mundo, PRO X 60 es el primer teclado 60% de Logitech G. Toma el control de cada tecla en G HUB con KEYCONTROL y 5 capas personalizables para el centro de mando insuperable. Potencia la velocidad y fiabilidad con el rendimiento de la tecnolog√≠a inal√°mbrica LIGHTSPEED. Control compacto. Sin compromisos.","119.83",NULL,NULL,"0","200","activo","7","1","2025-05-15 20:11:09","2025-05-15 20:11:09"
"8","Rat√≥n gaming - Razer Deathadder Essential, Por cable, 6.400 ppp, 5 Teclas, USB, Negro","El rat√≥n gaming Razer Deathadder Essential de color negro, tiene la forma ergon√≥mica cl√°sica que ya ha distinguido a todos los representantes anteriores de la serie Razer DeathAdder. La carcasa elegante e inconfundible ofrece una comodidad de uso √≥ptima, para que pueda ofrecer un rendimiento al m√°s alto nivel incluso durante largas maratones de juego.","20.65","16.52","20","1","400","activo","7","1","2025-05-15 20:12:14","2025-05-15 20:12:14"
"9","Logitech C920s Pro Webcam Full HD 1080p/30fps con Correcci√≥n de Iluminaci√≥n Autom√°tica","Ofrezca su mejor imagen en videoconferencias y grabe sofisticados v√≠deos con la c√°mara Web C920s. Ofrece v√≠deo Full HD (1080p a 30 fps) y n√≠tido sonido est√©reo con todas las aplicaciones de v√≠deo m√°s populares.","98.35","49.58","50","1","99","activo","7","1","2025-05-15 20:13:22","2025-05-16 22:59:09"
"10","Blue Microphones Yeti Micr√≥fono USB Plata para Grabaci√≥n y Transmisi√≥n en PC","Yeti es un micr√≥fono USB √≥ptimo, con un n√≠tido y potente sonido con calidad de difusi√≥n para podcasts, producciones de YouTube, streaming de juegos, Skype y m√∫sica. La tecnolog√≠a patentada de tres c√°psulas de Yeti posibilita que los patrones de captaci√≥n cardioide, omnidireccional, bidireccional y est√©reo ofrezcan una flexibilidad incre√≠ble que permite grabar y hacer streaming de formas que normalmente requerir√≠an varios micr√≥fonos.
Yeti dispone adem√°s de controles de estudio para el volumen de los auriculares, la selecci√≥n de patrones, el silenciamiento instant√°neo y la ganancia del micr√≥fono que ponen en tus manos el proceso de grabaci√≥n y streaming. M√≥ntalo en unos segundos con la base de sobremesa incluida o con√©ctalo directamente a una base o brazo de micr√≥fono.","115.69","71.07","39","1","100","activo","7","1","2025-05-15 20:14:26","2025-05-15 20:14:26"
"11","Hub USB C, 8 en 1 Hub USB 3.0 con puerto USB C, puertos USB 2.0 y USB 3.0","Hub multifuncional: el concentrador tipo USB-C tiene m√∫ltiples dise√±os de puertos, que pueden conectar y expandir diferentes dispositivos seg√∫n sus necesidades.","9.08",NULL,NULL,"0","100","activo","7","1","2025-05-15 20:15:27","2025-05-15 20:15:27"
"12","AiTodos¬Æ Soporte para Computadora Portatil, Aleaci√≥n de Aluminio, Antideslizante, Soporte Port√°til Plegable, Ventilaci√≥n y Disipaci√≥n de Calor, Ajuste de 6 Engranajes.","„ÄêSoporte Portatil: Ajuste 6 Velocidades„ÄëSe puede usar una altura y √°ngulo c√≥modos, dise√±o ergon√≥mico, f√°cil de ver y escribir, corrigiendo la postura sentada, reduciendo la tensi√≥n del cuello o el dolor de espalda.","9.58",NULL,NULL,"0","99","activo","8","1","2025-05-15 20:16:30","2025-05-16 22:59:09"
"13","MARSGAMING MNBC2, Base Refrigeradora y Stand para Port√°tiles hasta 17.3‚Äù, Iluminaci√≥n LED Roja, 5X Ventiladores UA5, Regulable 6 Posiciones, Estructura Acero, Rejilla Aluminio, 2X USB 2.0, Negro","BASE REFRIGERADORA Y STAND PORT√ÅTIL: Mant√©n tu ordenador port√°til refrigerado con la base MNBC2. Juega sin preocupaciones gracias a la potencia de esta base refrigeradora dise√±ada especialmente para port√°tiles gaming de gran potencia","15.28",NULL,NULL,"0","100","activo","8","1","2025-05-15 20:17:34","2025-05-15 20:17:34"
"14","Auriculares inal√°mbricos - Sony WH-1000XM5B, Cancelaci√≥n ruido (Noise Cancelling), 30h, Hi-Res, Carga R√°pida, Con Asistente, Bluetooth, Diadema, Negro","Los WH-1000XM5 redefinen la escucha sin distracciones. Gracias a sus dos procesadores, sus ocho micros y su unidad de diafragma, no es de extra√±ar que la serie 1000XM5 se haya posicionado como el mejor en su categor√≠a en los premios Xataka, What Hifi y EISA.","288.43",NULL,NULL,"0","100","activo","4","1","2025-05-15 20:19:19","2025-05-15 20:19:19"
"15","TP-Link Tapo P100 Mini Smart Wifi Enchufe Inteligente","El socio inteligente superior para peque√±os electrodom√©sticos. Tapo P100 est√° construido peque√±o para dejar abiertos los enchufes adyacentes, lo que lo hace conveniente para el uso diario.","9.91","8.26","17","1","70","activo","3","1","2025-05-15 20:20:32","2025-05-15 20:20:32"
"16","Tuya Zigbee Gateway Hub - Bridge WiFi Smart Home, centro de control dom√≥tico remoto Smart Home para todos los productos Tuya ZigBee, compatible con Alexa Google Assistant y Smart Life App (Gateway)","Controlable a trav√©s de la aplicaci√≥n: el concentrador ZigBee es un dispositivo necesario para todos los dispositivos inteligentes ZigBee, es m√°s estable y seguro que el uso de un sistema Wi-Fi. Con este concentrador, tambi√©n puede controlar todos sus productos Tuya (incluidos enchufes, sensores PIR, cerraduras, sensores de agua, cortinas el√©ctricas, etc.) a trav√©s de la aplicaci√≥n Tuya Smart/Smart Life incluso cuando no est√© en casa.","20.40",NULL,NULL,"0","80","activo","3","1","2025-05-15 20:21:58","2025-05-15 20:21:58"
"17","Smartwatch - Xiaomi Watch S3, AMOLED, Bluetooth, Hasta 15 d√≠as, HyperOS, Negro","El Xiaomi Watch S3 se inspira en los relojes tradicionales y est√° fabricado con materiales de primera calidad que ofrecen un tacto accesible y exquisito, lo que pone de manifiesto su extraordinario estilo en cada dise√±o.
Despu√©s de la instalaci√≥n, el bisel puede cambiar autom√°ticamente entre pantallas exclusivas para el reloj y reproducir efectos de sonido din√°micos. Sentir√°s que est√°s activando un mecanismo delicado que ofrece una experiencia inigualable.","123.96","82.64","33","1","150","activo","5","1","2025-05-15 20:23:19","2025-05-15 20:23:19"
"18","TV Samsung UE55DU7172U 55"" LED UltraHD 4K HDR10","Televisi√≥n Samsung UE55DU7172U con tecnolog√≠a PurColor permite que su televisor muestre una amplia gama de colores para un rendimiento de imagen √≥ptimo, de modo que siempre ver√° colores y detalles sorprendentes.","495.04","296.69","40","1","120","activo","3","2","2025-05-15 20:25:22","2025-05-15 20:25:22"
"19","Microondas con grill - LG MH6042DW, 700 W, 2 niveles, Panel t√°ctil, 20 l, Blanco","El microondas 2 en 1 LG MH6042DW en color blanco es un microondas aparentemente sencillo, pero de lo m√°s completo, puesto que tiene doble funci√≥n: microondas y grill. Su panel t√°ctil te permitir√° escoger f√°cilmente la funci√≥n que mejor se ajusta a tus necesidades sin necesidad de complicados men√∫s.","98.35",NULL,NULL,"0","75","activo","3","2","2025-05-15 20:26:20","2025-05-15 20:26:20"
"20","Robot aspirador - Xiaomi Vacuum S20, 45W, WiFi, Navegaci√≥n l√°ser, Control por App, Blanco","Consigue el mejor aspirado y fregado m√°s eficientes que ahorran tiempo y energ√≠a con el robot aspirador Xiaomi Vacuum S20.","165.28","114.88","30","1","60","activo","3","2","2025-05-15 20:27:37","2025-05-15 20:27:37"
"21","Cafetera de c√°psulas - De'Longhi ENV90.B Vertuo Pop + Travel Mug para c√°psulas Nespresso Vertuo, 2.6 bar, 0.56 L, 1.250 W, Bluetooth, Wi-Fi, Negro","Descubre una nueva forma de disfrutar el caf√© con la cafetera de c√°psulas Nespresso¬Æ De'Longhi Vertuo Pop ENV90.B. Compacta, moderna y llena de personalidad, esta m√°quina transforma cada taza en un momento especial.","82.64","65.29","21","1","40","activo","3","2","2025-05-15 20:28:42","2025-05-15 20:28:42"
"22","Oral-B Pro 3 3000 Cepillo de Dientes El√©ctrico con Mango Recargable y 2 Cabezales","Elimina hasta un 100 % m√°s de placa, incluso en las zonas de dif√≠cil acceso, para unas enc√≠as m√°s sanas en comparaci√≥n con un cepillo manual con la tecnolog√≠a 3 en 1 de limpieza profunda de Oral-B","40.22",NULL,NULL,"0","20","activo","4","2","2025-05-15 20:29:57","2025-05-15 20:29:57"
"23","Afeitadora - Philips S5000 S5466/17, Afeitadora el√©ctrica, Seco y Mojado, Sensor barba, Soporte de carga, Cortapatillas","La afeitadora Philips Shaver serie 5000 S5466/17 aporta comodidad a tu aseo matutino. Su uso es intuitivo gracias al cabezal totalmente flexible y a su empu√±adura ergon√≥mica. La apertura con un solo toque permite limpiarla f√°cilmente en cuesti√≥n de segundos.","98.35","52.89","46","1","90","activo","4","2","2025-05-15 20:31:02","2025-05-15 20:31:02"
"24","B√°scula inteligente - Xiaomi Body Composition Scale S400, IMC, Alta precisi√≥n, Control por App, Bluetooth, Blanco","Mi Body Composition Scale S400 es la b√°scula inteligente Xiaomi con tecnolog√≠a BIA de doble frecuencia que mide de forma precisa 25 √≠ndices de salud con la que podr√°s controlar todos los aspectos que necesitas.","24.79","16.52","33","1","80","activo","4","2","2025-05-15 20:32:07","2025-05-15 20:32:07"
"25","Masajeador de Cuello y Hombros con Funci√≥n de Calor, Masajeador Cervical con 3D Rotaci√≥n y Masaje de Amasamiento Shiatsu Intensidad Ajustable","8 Cabezales de Masaje Bidireccionales: Esta manta de masaje simula un masaje de manos humanas. Los 8 cabezales de masaje est√°n bien distribuidos y el control de movimiento bidireccional incorporado le ofrece una experiencia de masaje uniforme y c√≥moda cuando se enciende. Adem√°s, el sistema de protecci√≥n contra el sobrecalentamiento y la funci√≥n de desconexi√≥n autom√°tica de 15 minutos le permiten disfrutar de su masaje con tranquilidad.","26.10",NULL,NULL,"0","30","activo","4","2","2025-05-15 20:33:01","2025-05-15 20:33:01"
"26","Pulsera de actividad - Xiaomi Smart Band 9, 1.62"" AMOLED","A tu estilo, a tu ritmo, con la pulsera de actividad Xiaomi Smart Band 9 podr√°s monitorear tus entrenamientos con mas de 150 modos deportivos y tu salud, con seguimiento del sue√±o y monitor cardiaco.","33.05","28.92","12","1","120","activo","5","2","2025-05-15 20:34:05","2025-05-15 20:34:05"
"27","Puls√≥metro - Polar H10, M-XXL, Negro","Si lo que t√∫ deseabas era realizar un entrenamiento de m√°ximo rendimiento, vete preparando porque Polar tiene algo para ti. El puls√≥metro H10 M-XXL es compatible con diferentes aplicaciones de fitness y m√°quinas de gimnasio para que optimizar tu actividad f√≠sica al m√°ximo. Puedes guardar tu frecuencia card√≠aca en el agua y enviar tus datos a la aplicaci√≥n m√≥vil.","74.30","65.21","12","1","20","activo","5","2","2025-05-15 20:35:13","2025-05-16 22:55:03"
"28","Consola - Nintendo Switch OLED, 7"", Joy-Con, 64 GB, Blanco","Disfruta de los juegos en el formato de la consola Nintendo Switch OLED en color blanco, pensada para el hogar con la diferencia de ser tambi√©n port√°til para llevarte tus partidas a todas partes. La innovaci√≥n en el formato del dise√±o con pantalla OLED y su gran flexibilidad te alucinar√°.","288.43","280.17","3","1","200","activo","1","2","2025-05-15 20:36:24","2025-05-16 22:54:46"
"29","DJI Mini 4K, dron con c√°mara 4K UHD para adultos","Menos de 249 g, Certificaci√≥n de clase C0 - Gracias a su peso ultraligero, el Mini 4K puede volar en las categor√≠as A1 y A3. Los operadores no necesitan realizar ning√∫n test.","247.11",NULL,NULL,"0","140","activo","6","2","2025-05-15 20:37:27","2025-05-15 20:37:27"
"30","IKUPER Technic Robot para Ni√±os de 6 a 12 A√±os, Juego Rob√≥tico Programable 6 en 1 con App y Control Remoto","„ÄêConstruible en 6 Estilos de Robots„Äë¬°Construye tu propio set de robots con el juguete robot IKUPER 6en1! Se puede montar en seis modelos de robots √∫nicos: Gran Robot Pared, Peque√±o Robot Pared, Coche Acrob√°tico, Robot Tri√°ngulo, Dinosaurio y Robot de Un Ojo. Cada dise√±o ofrece una experiencia de construcci√≥n distinta, fomentando la creatividad y proporcionando horas de diversi√≥n para los ni√±os.","57.02",NULL,NULL,"0","50","activo","6","2","2025-05-15 20:38:33","2025-05-15 20:38:33"
"31","TP-Link Archer AX53 Router Wi-Fi 6 Gigabit de Doble Banda AX3000","La pr√≥xima generaci√≥n de WiFi est√° aqu√≠ con el router Archer AX53. El Wi-Fi 6 (802.11ax) podr√≠a resultar ser el avance m√°s significativo en el desarrollo del WiFi, ofreciendo un gran impulso en velocidad y capacidad total. La adopci√≥n generalizada del Wi-Fi 6 est√° cada vez m√°s cerca con la disponibilidad de m√°s y m√°s dispositivos AX. ¬°Es el momento adecuado para actualizar tu router a la nueva generaci√≥n de WiFi!","74.37","45.45","39","1","65","activo","1","2","2025-05-15 20:39:37","2025-05-16 22:54:28"
"32","Disco duro externo 2TB - ‚ÄéSeagate STKN2000400 Expansion","La configuraci√≥n es sencilla, simplemente conecta un solo cable USB y estar√°s listo para comenzar. La unidad se alimenta mediante el cable USB, por lo que no es necesaria una fuente de alimentaci√≥n externa. Adem√°s, el sistema operativo Windows¬Æ o Mac lo reconoce autom√°ticamente, por lo que no es necesario instalar ning√∫n software ni configurar nada. Guardar archivos es f√°cil.","82.64","61.98","25","1","140","activo","1","2","2025-05-15 20:40:39","2025-05-16 22:54:18"
"33","Reproductor multimedia - Xiaomi Mi TV Stick, 1080P, 1GB RAM, 8GB ROM, Android TV","El Xiaomi Mi TV Stick ahora incluye el mando por voz con Asistente de Google. Controla tu TV, barra de sonido y receptor compatibles con los botones espec√≠ficos para encender el dispositivo, silenciarlo y ajustar el volumen. Reproduce y controla contenido con el nuevo mando por voz Alexa. Disfruta de tus contenidos favoritos de Prime Video, Netflix, YouTube, DAZN, Atresplayer, RTVE A la carta, Movistar+ y otros servicios (es posible que se requieran suscripciones separadas).","41.31","33.05","20","1","95","activo","1","2","2025-05-15 20:41:59","2025-05-16 22:54:07"
"34","Impresora multifunci√≥n - HP DeskJet 2821e, Serie 2820, Wi-Fi¬Æ, USB, Color, Copia, Esc√°ner, Recuperaci√≥n autom√°tica, Instant Ink, HP +, Blanco","Imprime, escanea y copia sin esfuerzo con la impresora dom√©stica HP DeskJet 2821e. Es inal√°mbrica y compacta, junto con la aplicaci√≥n de impresi√≥n m√°s f√°cil de usar. Desde etiquetas hasta recetas, disfruta de una experiencia fluida gracias a la empresa de impresoras N.¬∫ 1 del mundo","49.50","40.48","18","1","30","activo","8","2","2025-05-15 20:43:29","2025-05-15 20:43:29"
"35","Casio Calculadora t√©cnica ClassWiz FX-991DE X","Casio presenta la nueva calculadora cient√≠fica t√©cnica FX-991DE X de la serie ClassWiz con numerosas novedades. El popular FX-991DE Plus se ha desarrollado una vez m√°s y est√° equipado con funciones innovadoras como la funci√≥n QR Code.","36.28",NULL,NULL,"0","40","activo","8","2","2025-05-15 20:44:39","2025-05-15 20:44:39"
"36","SLATOR L√°mpara Escritorio LED, Flexo de Escritorio","Lampara de escritorio Eye Caring : Estas l√°mparas de mesa t√°ctiles est√°n dise√±adas para ser suaves, estables y no parpadear. La l√°mpara de escritorio de oficina adopta un dise√±o de fuente de luz led de superficie que podr√≠a eliminar perfectamente el deslumbramiento, la fatiga visual, y mejorar los efectos visuales.","14.17",NULL,NULL,"0","45","activo","8","2","2025-05-15 20:45:49","2025-05-15 20:45:49"
"37","Casio Colecci√≥n Reloj Unisex Adultos A168WA","Todo fue mejor tiempo atr√°s - y es bonito que CASIO nunca haya olvidado sus ra√≠ces y siempre haya disfutado el dise√±o retro. El culto por la forma, funci√≥n y color del primer reloj digital desde los a√±os del 1980 est√° m√°s actualizado que nunca gracias a los relojes de CASIO Collection. Con sus tonos c√°lidos de oro, acero inoxidable fresco y pl√°stico negro, estos iconos de dise√±o atemporal pueden ser combinados perfectamente con el estilo actual y las tendencias de fiesta. Es bueno saber que algunas cosas nunca cambian.","27.10",NULL,NULL,"0","74","activo","2","2","2025-05-15 20:46:43","2025-05-15 20:46:43"
"38","Gafas de realidad virtual - Meta Quest 3s, 128 GB, 8GB RAM, Snapdragon XR2 Gen 2, 1832√ó1920p, 2.5h Autonom√≠a, Blanco","Descubre las Gafas de Realidad Virtual Meta Quest 3S de 128 GB, donde la realidad y la fantas√≠a se entrelazan para llevarte m√°s all√° de lo imaginable. Con una resoluci√≥n y color que superan en 4,5 veces a las Quest 2, tu mundo virtual cobra vida con una claridad y viveza excepcionales.","271.90",NULL,NULL,"0","50","inactivo","1","2","2025-05-15 20:48:18","2025-05-17 14:12:42"
"39","Jeans 515‚Ñ¢ Slim Taper","Estos jeans 515‚Ñ¢ Slim Taper son el punto intermedio entre unos ajustados y unos entallados normales. Como probablemente habr√°s deducido por su nombre, presentan corte estrecho en el muslo y va entall√°ndose hasta el tobillo. ¬øEl resultado final? Un jean supervers√°til que puedes combinar de cualquier forma.","65.29",NULL,NULL,"0","80","activo","2","3","2025-05-15 20:55:58","2025-05-15 20:55:58"
"40","Camisa de lino de alta calidad para hombre","Camisa ligera y transpirable con botones, de algod√≥n y lino, Color s√≥lido, 100%, 2025.","17.36","6.77","61","1","80","activo","2","3","2025-05-15 21:02:59","2025-05-15 21:04:24"
"41","Vestido midi viscosa estampado floral","Vestido midi con corte evas√© y de mangas corta en tejido de viscosa, con un lindo estampado allover floral en tonos claros. Es tan bonito y c√≥modo, que no vas a querer quit√°rtelo en todo el d√≠a ¬°Como dormir en las nubes!","33.05","9.91","70","1","140","activo","2","3","2025-05-15 21:06:12","2025-05-15 21:06:12"
"42","Sudadera oversize capucha cremallera","Sudadera oversize con capucha, bolsillo delantero tipo canguro, cierre de cremallera y confeccionada en algod√≥n.","16.52",NULL,NULL,"0","100","activo","2","3","2025-05-15 21:07:09","2025-05-15 21:07:09"
"43","Gabon Winter Moss","Gabon es una chaqueta impermeable corta de primavera inspirada en el estilo cl√°sico bomber, con detalles como bolsillos laterales con cremalleras impermeables, pu√±os y dobladillo de canal√©, y una cremallera impermeable de doble cursor en la parte frontal. Confeccionada en nuestro exclusivo tejido Softshell ligero y transpirable, cuenta con todas las costuras selladas para una protecci√≥n superior. Una capucha desmontable completa el look con estilo.","123.14",NULL,NULL,"0","180","activo","2","3","2025-05-15 21:08:24","2025-05-15 21:08:24"
"44","Zapatilla Nike Air Force 1 07 Mujer","La zapatilla Nike Air Force 1 de cuero es una toma moderna en el zapato m√°s emblem√°tico del baloncesto. Cuenta con una zona Air-Sole encapsulada en una entresuela de espuma inyectada para un amortiguamiento ligero y flexible.","99.17","79.33","20","1","200","activo","2","3","2025-05-15 21:09:34","2025-05-15 21:09:34"
"45","BOTINES DE PIEL CON CU√ëA Y CREMALLERA ARENA LIDIA","Botines de serraje con cu√±a de 5,5 cm y plataforma de 2 cm. Corte superior en V y apertura lateral con cremallera interior para facilitar el calce. Plantilla y forro de microfibra con acabado confort aterciopelado. Piso antideslizante y flexible. Elaborados 100% en Espa√±a.","70.25","49.55","29","1","100","activo","2","3","2025-05-15 21:10:51","2025-05-15 21:10:51"
"46","Zapatillas abiertas velour lazo","Zapatillas abiertas con base acolchada de velur en tonos rosas y pala con dise√±o de lazo en color lila. S√∫per c√≥modas, hechas para que tus pies descansen.","16.52",NULL,NULL,"0","60","activo","2","3","2025-05-15 21:39:06","2025-05-15 21:39:06"
"47","Zapato Oxford para hombre Chocolate Patinado con suela de cuero - WINFORD","El Winford es un Oxford de hombre tiene una punta recta con 5 ojales construido sobre una forma con car√°cter. El estilo y la comodidad son las ventajas de este zapato.
Fabricado con una construcci√≥n Blake y becerro boxcalf italiano patinado a mano sobre una suela de cuero, con vira de piel, este modelo quedar√° elegante en todas las circunstancias.
Ojales invisibles y cordones redondos encerados de algod√≥n tono sobre tono.
Los Winford est√°n totalmente forrados de piel de vaca.","106.61",NULL,NULL,"0","40","activo","2","3","2025-05-15 21:41:56","2025-05-15 21:41:56"
"48","Mochila de monta√±a y senderismo 23L Quechua NH500 Rolltop. Equipaje de mano","Esta mochila de senderismo se ha dise√±adp para acompa√±ar tus rutas de senderismo y todos tus planes (formato maleta de cabina).","33.05","31.40","5","1","50","activo","5","3","2025-05-15 21:43:41","2025-05-15 21:43:41"
"49","Gafas de sol Hawkers ONE LS RODEO","Las ONE LS Rodeo son unas gafas de sol de dise√±o cl√°sico con aros cuadrados y patillas finas. Este modelo negro brillante tiene lentes polarizadas de color gris oscuro.","33.05",NULL,NULL,"0","69","activo","2","3","2025-05-15 21:45:31","2025-05-16 22:59:09"
"50","BENYAR Relojes para Hombre Anal√≥gico","ELEGANTE DISE√ëO: Este es un reloj de dise√±o elegante y cl√°sico hombre. ¬°45MM cara grande hermosa y exquisita con tres sub-esferas funcionales y visualizaci√≥n de la fecha, n√∫meros taquim√©tricos en el bisel, con una correa de cuero de moda, movimiento anal√≥gico de cuarzo de calidad y bater√≠a de larga duraci√≥n, proporcionar tiempo preciso y perfectamente coincidir con cualquiera de sus equipos, reloj Benyar encarna la b√∫squeda de la moda y la calidad que redefine el tiempo!","30.02",NULL,NULL,"0","90","activo","2","3","2025-05-15 21:46:50","2025-05-15 21:46:50"
"51","FOLOVEYA Bolso Mujer Bolso Bandolera","Elegante y Unico: Este bolso cruzado tiene un dise√±o simple con una elegante correa de hombro ajustable a rayas para facilitar su transporte. El colgante de mariposa a√±ade un elemento elegante al bolso de mujer. Disponible en una amplia gama de colores, el bolso de mujer puede combinarse con su ropa de trabajo o en ocasiones importantes para mostrar su encanto √∫nico.","24.78",NULL,NULL,"0","50","activo","2","3","2025-05-15 21:47:59","2025-05-15 21:47:59"
"52","ROYALZ Cintur√≥n trenzado unisex para hombres y mujeres","SU NUEVO ACCESORIO FAVORITO - el elegante cintur√≥n de cuero trenzado para hombre / mujer puede combinarse con muchos conjuntos, cl√°sicamente como cintur√≥n de vaqueros o tambi√©n como cintur√≥n de cintura con un vestido.","24.77",NULL,NULL,"0","70","activo","2","3","2025-05-15 21:48:49","2025-05-15 21:48:49"
"53","Bufanda para hombre, 30% lana merino","Material de alta calidad: mezcla de 30% de lana merina, c√°lida y ligera.","17.18",NULL,NULL,"0","43","activo","2","3","2025-05-15 21:49:33","2025-05-15 21:49:33"
"54","Sombrero Fedora cl√°sico de fieltro","Este sombrero Fedora Trilby est√° hecho de poli√©ster. Puedes llevar este sombrero de g√°ngster en muchas ocasiones como en la iglesia, viajes y muchas actividades al aire libre, pesca, etc.","21.48",NULL,NULL,"0","44","activo","2","3","2025-05-15 21:51:00","2025-05-15 21:51:00"
"55","Pendiente de Acero Inoxidable para Mujer","** ALTA CALIDAD ** Hecho de acero inoxidable de alta calidad y CZ brillante AAA +, hipoalerg√©nico, sin plomo y n√≠quel, adecuado para todo tipo de pieles, incluso las pieles al√©rgicas; Alta resistencia a la oxidaci√≥n, corrosi√≥n y deslustre, lo que requiere un mantenimiento m√≠nimo.
** EXQUISITO MANEJO DE TRABAJO ** La apariencia incrusta muchas piezas de circ√≥n brillante, el dise√±o especial le brinda un efectodiferente.
** M√ÅS DETALLES DEL TAMA√ëO ** Tama√±o de Gague: 1 mm = 18G, di√°metro exterior: 16 mm, tono plateado con circonita c√∫bica. Peso m√°s ligero, c√≥modo de llevar, dise√±o de bot√≥n flexible, no se preocupe por caerse. Perfecto para hombres y mujeres.
** CUIDADOSAMENTE EMBALADO ** ¬°Cada producto de LOLIAS est√° bien embalado! ¬°Ven con una bolsa de terciopelo para proteger tus productos! Puede comprar nuestro producto para enviarlo a sus amigos, mostrar su elegancia y gusto, resaltar su encanto femenino.
** SERVICIO PERFECTO DE LOLIAS ** Garant√≠a o cambio de devoluci√≥n de dinero de 240 d√≠as. Nos unimos al servicio AMAZON PRIME para garantizar que los productos se entreguen m√°s r√°pido y mejor. Si tiene alguna pregunta sobre nuestro producto o servicio, cont√°ctenos por correo electr√≥nico, resolveremos su problema dentro de las 24 horas.","9.91",NULL,NULL,"0","120","activo","2","3","2025-05-15 21:51:55","2025-05-15 21:51:55"
"56","Pulsera de Cuerda Trenzada","JENDEAR SHINE est√° compuesto por artesanos profesionales, y dise√±a productos tejidos multielemento seg√∫n temporadas y festivales, incluyendo pulseras de cuerda, pulseras de tela, pulseras personalizadas y otros accesorios personalizados.","9.08",NULL,NULL,"0","199","activo","2","3","2025-05-15 21:54:19","2025-05-16 22:59:09"
"57","Anillos Mujer Plata de Ley 925","Dise√±o √∫nico de doble capa, con un lindo coraz√≥n en el medio como adorno, rodeado de circonitas c√∫bicas AAAAAA+, el anillo de plata 925 es brillante y elegante. El anillo de banda est√° hecho de plata esterlina 925 real, hipoalerg√©nico y muy adecuado para pieles sensibles, brillante y c√≥modo de llevar.","13.21",NULL,NULL,"0","140","activo","2","3","2025-05-15 21:56:07","2025-05-15 21:56:07"
"58","Xiaomi Robot Vacuum E10 Robot Aspirador WiFi","Aspiradora inteligente con mapeo l√°ser y m√∫ltiples modos de limpieza, ideal para mantener el hogar impecable sin esfuerzo.","101.40","98.35","3","1","80","activo","3","4","2025-05-15 21:59:38","2025-05-15 21:59:38"
"59","LEVOIT Humidificador para dormitorio","Humidificaci√≥n r√°pida durante toda la noche: funciona hasta 25 horas en baja gracias a su gran capacidad de 2,5 litros. La humedad calmante ayuda a aliviar r√°pidamente la congesti√≥n y la garganta seca.","42.41",NULL,NULL,"0","70","activo","3","4","2025-05-15 22:00:27","2025-05-15 22:00:27"
"60","L√°mpara de Pie Salon Regulable, 3000lm Super Luminosa Lampara de Pie LED Moderna con Mando y Control T√°ctil","La lampara de pie SIBRILLE proporciona una iluminaci√≥n potente con 36W de salida y hasta 2500 l√∫menes. Gracias a sus 4 temperaturas de color (2700K‚Äì6500K), puedes ajustar f√°cilmente desde blanco c√°lido hasta luz natural. Perfecta como lampara de pie salon para crear ambientes acogedores o productivos.","70.24",NULL,NULL,"0","100","activo","3","4","2025-05-15 22:01:21","2025-05-15 22:01:21"
"61","Joydeco Cortinas Opacas 2 Piezas, Cortinas Dormitorio con Ojales Anti Luz Cortina Termica Aislantes Frio y Calor para Salon Curtains Blackout (Gris Oscuro, 2x117x137cm)","Las cortinas Joydeco, fabricadas al 100% en poli√©ster, vienen con dos paneles con anillas para oscurecer la habitaci√≥n y pueden lavarse en la lavadora. Por favor, l√°valas por separado en una bolsa de lavado, no las blanquees, pl√°nchalas a baja temperatura y s√©calas en m√°quina.","18.17",NULL,NULL,"0","80","activo","3","4","2025-05-15 22:02:21","2025-05-15 22:02:21"
"63","Reloj De Pared De Dise√±o Moderno Y Vintage","Funcionamiento Sin Tic-Tac - Desp√≠dete de los molestos ruidos de ""tic-tac"" con nuestro reloj silencioso sin tic-tac. Fabricado con un movimiento de cuarzo de alta calidad, garantiza un funcionamiento suave y eficiente en el consumo de energ√≠a, mejorando la tranquilidad de cualquier espacio.","30.57",NULL,NULL,"0","120","activo","3","4","2025-05-15 22:05:16","2025-05-15 22:05:16"
"66","Bater√≠a de Cocina de Aluminio con Antiadherente | 8 Piezas Onix + 5 Cuchillos Inoxidables con Pelador de Verduras","Todas las piezas presentan alta resistencia y evitan la adhesi√≥n de grasa. La bater√≠a, que es de aluminio, incluye 2 sartenes de √ò 20 cm (altura 4,3 cm; volumen 1 litro) y √ò 24 cm (altura 4,8 cm; volumen 1,7 litros), 3 ollas de √ò 16 cm (altura 7,5 cm; volumen 1,2 litros), √ò 20 cm (altura 9 cm; volumen 2,4 litros) y √ò 24 cm (altura 10,5 cm; volumen 4,1 litros) con 3 tapas de vidrio. A su vez, el juego de 5 cuchillos m√°s pelador de verduras es inoxidable.","63.55",NULL,NULL,"0","40","activo","3","4","2025-05-15 22:11:03","2025-05-15 22:11:03"
"67","Moulinex Easy Fry Max 5L ‚Äì Freidora aire para cocinar en poco tiempo","[MENOS TIEMPO DE COCINADO] Freidora de aire de 1500 W de potencia con tecnolog√≠a avanzada que ahorra tiempo en la cocina, cocinando con aire caliente comidas sanas en nada de tiempo, con poco o ning√∫n aceite a√±adido.","49.58",NULL,NULL,"0","120","activo","3","4","2025-05-15 22:11:55","2025-05-15 22:11:55"
"68","Cecotec Batidora de mano Power TitanBlack 1200 XL. 1200 W","Batidora de mano con 1200 W de potencia m√°xima, perfecta para conseguir mezclas finas y homog√©neas de forma r√°pida y sin esfuerzos. Tecnolog√≠a CrossBlades: cuchilla de 4 hojas con recubrimiento de titanio negro, que aumenta la dureza y el afilado para triturar hasta los alimentos m√°s duros, logrando texturas suaves y uniformes","21.40",NULL,NULL,"0","150","activo","3","4","2025-05-15 22:12:50","2025-05-15 22:12:50"
"69","Bialetti - Moka Express: Ic√≥nica Cafetera Italiana para Espresso","Moka Express Bialetti es la cafetera original, s√≠mbolo del Made in Italy, que ofrece la experiencia del aut√©ntico ritual italiano de preparar un buen caf√©. Su forma √∫nica se remonta a 1933, cuando Alfonso Bialetti la invent√≥. Lo que lo hace a√∫n m√°s √∫nico es el ic√≥nico hombrecito con bigote.","32.11",NULL,NULL,"0","250","activo","3","4","2025-05-15 22:14:27","2025-05-15 22:14:27"
"70","SANHUI Juego de 6 cuchillos con 5 cuchillos de cocina de acero inoxidable y 1 soporte magn√©tico para cuchillos de madera de acacia","Cuchilla ultra afilada: este juego de cuchillos de cocina est√° dise√±ado con afilado profesional para garantizar un corte preciso. Corta sin esfuerzo y f√°cilmente con este juego de cuchillos ligero y f√°cil de usar. Altamente resistente a las manchas y al √≥xido. La tecnolog√≠a l√≠der en la industria para afilar la hoja garantiza una nitidez √≥ptima para un corte preciso y un reafilado f√°cil.","66.11",NULL,NULL,"0","150","activo","3","4","2025-05-15 22:15:20","2025-05-15 22:15:20"
"71","3x Tarros de especias - Tarro de almacenamiento con tapa de madera y anillo de sellado","USOS: ¬°Los frascos se pueden usar como frascos de especias, frascos de aceite, almacenamiento de hierbas, frascos de vidrio para mini dulces, artesan√≠as, muestras de sabores y semillas de flores!","8.26","6.60","20","1","300","activo","3","4","2025-05-15 22:16:28","2025-05-15 22:16:28"
"72","TIENDA EURASIA - Tabla Cortar Cocina","Exprime tu creatividad culinaria con la tabla de cortar de TIENDA EURASIA. Su dise√±o moderno y natural es perfecto para preparar, cortar y trocear tus ingredientes favoritos. Transforma tus utensilios de cocina con un toque de elegancia.","12.36",NULL,NULL,"0","80","activo","3","4","2025-05-16 22:02:33","2025-05-16 22:02:33"
"73","Rallador el√©ctrico de cocina | 200 W | 4 cabezales","El rallador de verduras con tambor rallador de acero inoxidable es un potente aparato de cocina perfecto para rallar verduras, frutas, queso y otros alimentos de forma r√°pida y f√°cil. Con sus 4 diferentes accesorios de diferentes colores para una f√°cil separaci√≥n, puedes rallar tus alimentos en trozos finos o gruesos seg√∫n tus necesidades.","35.45",NULL,NULL,"0","100","activo","3","4","2025-05-16 22:04:13","2025-05-16 22:04:13"
"74","Sistema de separaci√≥n de residuos de 3 compartimentos","Tama√±o grande: con las dimensiones 30 x 30 x 59,3 cm, el sistema de separaci√≥n de basura se puede colocar en 3 lugares y guardar de forma compacta cuando no est√° en uso. El cubo de basura apilable es ideal como colector de papel usado para su hogar u oficina y se puede adaptar f√°cilmente a sus necesidades","14.04",NULL,NULL,"0","70","activo","3","4","2025-05-16 22:05:06","2025-05-16 22:05:06"
"75","Moulinex Morning Plus ‚Äì Tostador de 2 ranuras","Tostado moderno y suave de 850 W de potencia para darle un toque de estilo a la encimera de tu cocina y a tu rutina matutina; Recalienta croissants, panecillos y baguettes de forma f√°cil gracias al accesorio calentador de panecillos incluido","18.18",NULL,NULL,"0","130","activo","3","4","2025-05-16 22:06:02","2025-05-16 22:06:02"
"76","Juego de 6 Manteles Individuales y 6 Posavasos de Cuero","[Tabla de cuerda de doble parte de la tabla] Nuestros manteles individuales est√°n hechos de piel sint√©tica de alta calidad, respetuosa con el medio ambiente, con un aspecto de cuero noble. Son lavables, resistentes al calor y al desgaste. El dise√±o de doble cara ofrece dos colores elegantes: Gris Plateado + Gris Claro. Perfectos para el uso diario en la cocina, comedor o restaurante.","14.04",NULL,NULL,"0","80","activo","3","4","2025-05-16 22:07:00","2025-05-16 22:07:00"
"77","VOYOR 5 En 1 Recargable Cepillo Limpiador Facial Electrico","Tecnolog√≠a de purificaci√≥n profunda - con un giro r√°pido y potente de 360¬∞ y cerdas suaves, el cepillo de limpieza facial VOYOR le ofrece una completa y profunda limpieza, que puede eliminar eficazmente la grasa, la suciedad y los restos de maquillaje.","24.54",NULL,NULL,"0","100","activo","4","5","2025-05-16 22:08:33","2025-05-16 22:08:33"
"78","Remington Secador de Pelo PROluxe, Tecnolog√≠a OPTIHeat","Potente Secador con Motor AC - Motor de corriente alterna (AC) de larga duraci√≥n y calidad profesional, gran potencia de 2400 W para crear peinados duraderos.","31.40",NULL,NULL,"0","80","activo","4","5","2025-05-16 22:09:29","2025-05-16 22:09:29"
"79","Set de brochas de maquillaje profesional BESTOPE 16 piezas","Cepillo Conjunto para perfecto facial: bestope m√°s reciente de juego se compone de 5pcs de maquillaje KABUKI grandes brochas de maquillaje esenciales y 11pcs precisi√≥n pinceles de maquillaje. hacen que la gente quiere m√°s a maquillarse. como sombra de ojos, cejas, labios.","7.43",NULL,NULL,"0","140","activo","4","5","2025-05-16 22:10:23","2025-05-16 22:10:23"
"80","Balanza Peso Corporal para IOS y Android","An√°lisis corporal completo: Esta bascula de ba√±o proporciona 12 tipos de datos de composici√≥n corporal, incluidos el peso, el IMC, el porcentaje de grasa corporal, etc. Puede establecer objetivos en la aplicaci√≥n y realizar un seguimiento de la tendencia cambiante de los resultados de las mediciones semanales y mensuales. Satisface plenamente tus necesidades diarias y te motiva a alcanzar tus objetivos","13.21",NULL,NULL,"0","150","activo","4","5","2025-05-16 22:11:18","2025-05-16 22:11:18"
"81","Esmalte de U√±as Jelly Lechoso con Purpurina","Estilo personal: Vishine 1 unidad de 8 ml esmalte de gel rosa lechoso crea un estilo de gelatina neutral de alta calidad para ti. Se puede utilizar para la vida diaria, el trabajo y las citas. Tambi√©n puedes usarlo como una capa base para crear tu propia manicura francesa.","4.12",NULL,NULL,"0","200","activo","4","5","2025-05-16 22:12:17","2025-05-16 22:12:17"
"82","BAIMEI Gua Sha & Jade roller,cuarzo rosa GuaSha","Materiales naturales: Nuestros rodillos de jade y Gua Sha est√°n hechos de aut√©ntico cuarzo rosa, conocido por sus propiedades curativas y rejuvenecedoras. El color puede variar por su origen natural.","9.90",NULL,NULL,"0","180","activo","4","5","2025-05-16 22:13:10","2025-05-16 22:13:10"
"83","Maquina de Cortar Pelo Hombre","NUEVO BARBUDO PARA HOMBRES: Maquina de cortar pelo hombre fabricado en acero inoxidable de alto carbono de alta calidad, duradero y de precisi√≥n autoafilable, el cortabarbas para hombres viene con 3 peines delimitadores y 1 funda protectora de pl√°stico ABS para garantizar un recorte uniforme, r√°pido y preciso de todo tipo de vello. Este cortapelos facilita la creaci√≥n de su corte de pelo ideal.","29.74","19.83","33","1","240","activo","4","5","2025-05-16 22:14:14","2025-05-16 22:14:14"
"84","Polvo de col√°geno marino puro 100% noruego","COL√ÅGENO NORUEGO CALIDAD PREMIUM: P√©ptidos de col√°geno bebibles PUROS de tipos I y III, procedentes de la piel de bacalao pescado en estado salvaje, con m√©todos sostenibles, en las cristalinas aguas del Atl√°ntico Norte (Mar de Noruega y Barents). ORGULLOSAMENTE FABRICADO EN NORUEGA.","32.15",NULL,NULL,"0","99","activo","4","5","2025-05-16 22:15:05","2025-05-16 22:15:05"
"85","Esterilla de Yoga, Pilates y Fitness","ü§∏‚Äç‚ôÄÔ∏è {Dise√±o antideslizante} Ambos lados de la colchoneta de ejercicios est√°n hechos de Eco-TPE antideslizante, ideal para mejorar la estabilidad y el equilibrio.","11.32",NULL,NULL,"0","200","activo","5","6","2025-05-16 22:16:49","2025-05-16 22:16:49"
"86","Kit de Bandas El√°sticas de Resistencia (5 Niveles) + 2 Deslizadores - Bandas de Ejercicio para Entrenamiento en Casa, Yoga, Pilates, Fitness - Molyn Fitness","Versatilidad en el entrenamiento: 5 bandas el√°sticas perfectas para ejercicios de cuerpo completo con niveles de resistencia variados: 5 lb ‚âà 2.27 kg (600mm x 50mm x 0.35mm), 15 lb ‚âà 6.80 kg (600mm x 50mm x 0.6mm), 20 lb ‚âà 9.07 kg (600mm x 50mm x 0.8mm), 30 lb ‚âà 13.61 kg (600mm x 50mm x 1.1mm) y 40 lb ‚âà 18.14 kg (600mm x 50mm x 1.5mm).","16.52",NULL,NULL,"0","150","activo","5","6","2025-05-16 22:17:51","2025-05-16 22:17:51"
"87","Yaheetech Mancuerna Ajustable 12 en 1/11 en 1 Pesas y Mancuernas","„Äê12 niveles de peso„ÄëLa mancuerna ofrece 12 opciones de peso que van de 1,5 kg a 18 kg. Los incrementos son peque√±os y variados, le permiten aumentar el peso gradualmente, es una opci√≥n buena tanto para principiantes como para entrenadores experimentados.","190.07","173.55","9","1","300","activo","5","6","2025-05-16 22:19:23","2025-05-16 22:19:23"
"88","Reloj Inteligente Hombre Mujer, 1.85'' Smartwatch Hombre con Llamadas Bluetooth, 110+ Modos Deportivos Pulsera Actividad con Puls√≥metro, Sue√±o, Impermeable IP68 Smart Watch Para iOS Android, Negro","Llamadas Bluetooth y Notificaci√≥n: Smartwatch de nuevo dise√±o puede conectarse a tu tel√©fono m√≥vil mediante Bluetooth. Puedes ver el registro de llamadas, utilizar el teclado para marcar y responder o finalizar llamadas en cualquier momento y lugar. Gracias a la conexi√≥n Bluetooth de alta calidad, disfrutar√°s de una calidad de llamada n√≠tida. Tambi√©n puedes recibir otras notificaciones, como de WhatsApp, Twitter, Facebook, Instagram, etc. No te perder√°s ning√∫n mensaje importante.","8.26",NULL,NULL,"0","170","activo","5","6","2025-05-16 22:20:28","2025-05-16 22:20:28"
"89","PROIRON 6‚Äù Cintur√≥n de levantamiento de pesas de cuero resistente para gimnasio","CINTUR√ìN LUMBAR DE CUERO HECHO A MANO: El cintur√≥n de levantamiento de pesas PROIORN para gimnasio de 15 cm de ancho est√° bellamente elaborado con un dise√±o contorneado para brindar un soporte √≥ptimo y comodidad durante el levantamiento de pesas. El cintur√≥n de gimnasio est√° dise√±ado para brindar durabilidad, resistencia y un mejor soporte lumbar durante los entrenamientos de peso muerto, sentadillas, levantamiento ol√≠mpico y crossfit, entre otras rutinas de ejercicio.","19.00",NULL,NULL,"0","120","activo","5","6","2025-05-16 22:21:30","2025-05-16 22:21:30"
"90","Fjbottle Botella Agua Acero Inoxidable con Tapa Magn√©tica 1L, 800ml, 600ml, 400ml sin BPA Botella Termica para Ni√±os, 1500ML Deportiva Termo","Dise√±o √∫nico: Esta botella de agua deportiva tiene una tapa magn√©tica que no toca la nariz al beber. Y con el tap√≥n de rosca integrado en la tapa, el dise√±o es a√∫n m√°s ecol√≥gico y pr√°ctico.","19.00","18.05","5","1","200","activo","5","6","2025-05-16 22:22:24","2025-05-16 22:23:05"
"91","THORXCORE Comba CrossFit Ajustable de Alta Velocidad | Cuerda de Saltar Profesional con Cable de Acero","ESTA COMBA NO HAR√Å LOS SALTOS DOBLES POR TI. Pero ser√° tu mejor aliada para conseguirlo. Gracias a su cuerda de alta velocidad de 2 mm y rodamientos avanzados 360. Sus mangos de aluminio ergon√≥micos y antideslizantes, ofrecen durabilidad y comodidad para entrenamientos de alto impacto. Con nuestra comba volar√°s por encima del box","11.12",NULL,NULL,"0","140","activo","5","6","2025-05-16 22:24:02","2025-05-16 22:24:02"
"92","Rodillo Masaje Muscular, Qveetry 6en1 Rodillos de Espuma con Palos de Masaje","Kit de masaje 6 en 1ÔºöEl juego de rodillos musculares incluye 1 * rodillo de espuma de yoga, 1 * rodillo de masaje, 1 * bola de masaje, 1 * banda de resistencia, 1 * banda de ejercicio en forma de 8 ,1 * manual del producto y 1 bolsa de almacenamiento. Te dar√°s un masaje de cuerpo completo, desde el cuello hasta los pies. 12 meses de garant√≠a, as√≠ que no dude en contactarnos si tiene alguna pregunta, haremos todo lo posible para satisfacer a nuestros clientes.","22.31",NULL,NULL,"0","280","activo","5","6","2025-05-16 22:24:55","2025-05-16 22:24:55"
"93","Chaleco de entrenamiento con peso ProsourceFit Exercise","AJUSTE AJUSTABLE: dise√±ado para que hombres y mujeres tengan la mejor experiencia, las hebillas superiores e inferiores son ajustables para adaptarse c√≥modamente a la mayor√≠a de las alturas y tipos de cuerpo.","21.79",NULL,NULL,"0","80","activo","5","6","2025-05-16 22:26:21","2025-05-16 22:26:21"
"94","GLEEMEN Guantes de fitness, guantes de entrenamiento transpirables, guantes antideslizantes para levantamiento de pesas, guantes deportivos para mujer y hombre, crossfit, culturismo, ciclismo","Protecci√≥n de la palma: nuestros guantes de levantamiento de pesas premium cubren toda la palma y cuentan con puntos antideslizantes de silicona para un mejor agarre. Los guantes de fitness pueden proporcionar una mejor resistencia al uso y amortiguaci√≥n al mismo tiempo que mantienen una sensaci√≥n suave y c√≥moda durante el ejercicio.","7.43",NULL,NULL,"0","200","activo","5","6","2025-05-16 22:27:16","2025-05-16 22:27:16"
"95","Correas Tobillo Gimnasio para Patadas Gluteos, Fitness - Accesorios de Ejercicio","TRANSICIONES SIN ESFUERZO PARA EL ENTRENAMIENTO DE PIERNAS - Nuestras correas para tobillo V3 vienen en un par armonioso, agilizando tu entrenamiento de piernas. Cambia sin esfuerzo de una pierna a otra durante tu sesi√≥n, mejorando la eficiencia de tu entrenamiento. Ideal para sesiones din√°micas en la torre de poleas.","9.88","8.26","16","1","150","activo","5","6","2025-05-16 22:28:34","2025-05-16 22:28:34"
"96","Grandes Bloques de Construcci√≥n, Bloques Construcci√≥n Ni√±os con Caja de Almacenamiento","„ÄêBloques de construcci√≥n de colores„Äë: Este bloques de construcci√≥n incluye 144 bloques de construcci√≥n que pueden formar 4 coches peque√±os. Estos bloques tienen 5 colores cl√°sicos y 6 formas √∫nicas que permiten a los ni√±os construir diferentes estructuras con colores v√≠vidos y precisos.","14.04","13.21","6","1","200","activo","6","7","2025-05-16 22:30:38","2025-05-16 22:30:38"
"97","COLEPROFE Malet√≠n Pizarra M√°gica 2 en 1 con Accesorios","Educativa y sin pantallas. Ideal para ni√±os peque√±os.","23.08",NULL,NULL,"0","200","activo","6","7","2025-05-16 22:31:30","2025-05-16 22:31:30"
"98","SUPER CUTE LITTLE BABIES - Mu√±ecas Glitzy Cool Sofi","Las Super Cute Little Babies son adorables mu√±ecas beb√©s que se transforman en poderosas Superhero√≠nas para proteger el planeta, ¬°colecci√≥nalas!","24.75","18.97","23","1","140","activo","6","7","2025-05-16 22:32:35","2025-05-16 22:32:35"
"99","Buoeuik Coche Teledirigido Monster Truck RC 2.4GHz Alta Velocidad Drift con Luces LED","Coche Teledirigido de Alta Velocidad: Equipados con potentes motores, amortiguadores de resorte independientes y neum√°ticos de goma antideslizantes, nuestros coches RC pueden alcanzar una velocidad m√°xima de hasta 15 km/h, lo que le proporciona una experiencia de conducci√≥n emocionante.","21.45",NULL,NULL,"0","120","activo","6","7","2025-05-16 22:33:26","2025-05-16 22:33:26"
"100","Mattel Games - UNO Original - Juego de Cartas Familiar","El cl√°sico juego de cartas de emparejar colores y n√∫meros.","9.91","8.24","17","1","80","activo","6","7","2025-05-16 22:34:24","2025-05-16 22:34:24"
"101","UNGLINGA Kit Cient√≠fico con 50+ Experimentos para Ni√±os","Diversi√≥n sin fin 50+ EXPERIMENTOS CIENT√çFICOS - Este kit contiene nuestros experimentos m√°s populares de ciencias de la tierra, qu√≠mica y ciencia m√°gica. experimentos utilizando art√≠culos comunes del hogar. Los ni√±os tambi√©n pueden crear sus propios experimentos cient√≠ficos utilizando l√≠quidos de la casa.","24.79","18.01","27","1","150","activo","6","7","2025-05-16 22:35:24","2025-05-16 22:35:24"
"102","Peluche que Respira Elefantes Dormir Peluche Beb√©s Musical","[Elefante Dormil√≥n] El suave vientre se mueve arriba y abajo con un ritmo que imita la respiraci√≥n, y este dise√±o √∫nico puede calmar al beb√© de forma natural. Como si mam√° estuviera cerca, el beb√© puede sentir el movimiento regular, lo que le brinda confort psicol√≥gico. Especialmente adecuado para beb√©s peque√±os, les ayuda a dormirse o relajarse mejor.","15.69",NULL,NULL,"0","150","activo","6","7","2025-05-16 22:36:14","2025-05-16 22:36:14"
"103","Ravensburger - Puzzle 3D Adultos Torre Eiffel Luz Nocturna | Puzzles 3D para Adultos Y Ni√±os De 10 A√±os O M√°s | Maquetas para Montar De 226 Piezas","PUZZLE 3D: Un divertido juego que se convierte en un objeto decorativo y funcional, la maqueta es uno de los regalos ni√±os 10 a√±os o m√°s perfecto.","33.02","24.79","25","1","57","activo","6","7","2025-05-16 22:37:15","2025-05-16 22:37:15"
"104","Mini Consola port√°til Retro de Videojuegos con 500 Juegos de 8 bits Pantalla LCD a Color de 3,0 Pulgadas. (Rosa)","Dise√±o cl√°sico y port√°til: Dise√±o de cuerpo de estilo peque√±o y ligero, tama√±o ultra compacto, equipado con un sistema optimizado con mayor estabilidad, puede proporcionar una excelente experiencia de juego. Con pantalla de 3 pulgadas, puedes ver m√°s detalles y hermosas escenas en el juego. Es muy conveniente si lo llevas contigo durante viajes de negocios, viajes o camping.","18.17",NULL,NULL,"0","50","activo","6","7","2025-05-16 22:38:23","2025-05-16 22:38:23"
"105","Floving Plegable para ni√±os, Carpa de Juegos para ni√±os, Tienda de beb√© para Interior y Exterior, casa de Juegos de yurtas para Guardar Juguetes, con Bolsa de Transporte (Estrella Azul)","Perfecto lugar de ocio y entretenimiento: puedes crear un juego para ni√±os desde cualquier rinc√≥n de la casa. No te preocupes, no hay lugar privado donde los ni√±os puedan divertirse, ni dentro ni fuera. Este candado est√° dise√±ado para resolver tu problema y es el mejor regalo para el cumplea√±os o el d√≠a especial de tu hijo.","24.79",NULL,NULL,"0","120","activo","6","7","2025-05-16 22:39:34","2025-05-16 22:39:34"
"106","VTech Marble Rush Adventure Set S100, Circuito de canicas Interactivo para ni√±os +4 a√±os, versi√≥n ESP","CONTENIDO: 61 piezas y 5 canicas Marble incluidas para crear una superpista.","26.00",NULL,NULL,"0","40","activo","6","7","2025-05-16 22:40:35","2025-05-16 22:40:35"
"107","Vanplay Juguete Ni√±os 3 A√±os Caja Herramientas Juguete con Taladro El√©ctrico, Bolsa de Herramientas y Chaleco, 43 Piezas Juegos Ni√±os Regalo Ni√±o 3 4 5 6 A√±os","[Juego de Herramientas para Ni√±os de 43 Piezas ‚Äì Juego de Imitaci√≥n] El set de herramientas Vanplay incluye un taladro el√©ctrico, bolsa de herramientas, chaleco, martillo, destornillador, gafas de seguridad y mucho m√°s. Un juego de construcci√≥n ideal para ni√±os a partir de 3 a√±os que fomenta la diversi√≥n y la creatividad.","24.79","19.83","20","1","300","activo","6","7","2025-05-16 22:41:40","2025-05-16 22:41:40"
"108","SAMISO Apilador Geom√©trico de Madera","üë∂„ÄêJuguete de madera 2 en 1„ÄëNuestro juguete Montessori consta de juegos de pesca magn√©ticos y rompecabezas de bloques apilables. Puede estimular la imaginaci√≥n de los ni√±os y desarrollar habilidades motoras finas, coordinaci√≥n ojo-mano, reconocimiento de formas y destreza.","10.74","9.08","15","1","220","activo","6","7","2025-05-16 22:43:47","2025-05-16 22:43:47"
"109","2 M√°quinas de Burbujas de Jab√≥n, Pistola de Burbujas de Jab√≥n para Ni√±os, Pistola de Burbujas con 4 Soluciones (240 ml), Juguete de Verano con Luz para Ni√±os/Cumplea√±os/Fiesta","„ÄêM√°s de 10000 Burbujas por Minuto„ÄëEsta adorable m√°quina de burbujas de jab√≥n, con 12 boquillas especiales, produce m√°s de 10000+ burbujas brillantes por minuto. La iluminaci√≥n LED integrada transforma cualquier jard√≠n en un espect√°culo m√°gico de luces, perfecto para horas de juego din√°mico con ni√±os a partir de los 2 a√±os","15.69",NULL,NULL,"0","180","activo","6","7","2025-05-16 22:44:45","2025-05-16 22:44:45"
"110","TECKNET Rat√≥n Bluetooth Ergon√≥mico, Raton Vertical Inal√°mbrico Recargable (BT 5.0/3.0 + 2.4G)","Recargable y de bajo consumo: Este rat√≥n inal√°mbrico recargable incluye un cable tipo C, que puede durar de 1 a 2 meses con solo 1,5 horas de carga. Adem√°s, cuenta con bot√≥n de activaci√≥n y modo de suspensi√≥n autom√°tico para ahorrar energ√≠a.","21.48","18.26","15","1","200","activo","7","8","2025-05-16 22:46:46","2025-05-16 22:46:46"
"111","SbocKeeb Teclado Mec√°nico 60%ÔºåAmerican QWERTY Layout 68 Teclas Teclado Gaming Retroiluminado RGB, Cableado PBT Keycaps, Compatible con PS5/PS4/Xbox","Teclado con cable 60% mini: Este teclado gamer mec√°nico 60% cuenta con un dise√±o ultra compacto de 68 teclas, ayudando a mantener tu escritorio ordenado. Aunque peque√±o, es pr√°ctico y atractivo para todos, incluso para quienes no son minimalistas. Es importante destacar que un teclado 65% sin teclado num√©rico es la elecci√≥n de la mayor√≠a de los gamers de FPS, ofreciendo m√°s espacio para los movimientos del mouse.","40.98","39.80","3","1","150","activo","7","8","2025-05-16 22:47:45","2025-05-16 22:47:45"
"113","Netac Disco Duro Externo Port√°til SSD 500GB USB 3.2 Tipo-C Gen 2 Disco de Estado S√≥lido para PC, Xbox (Negro)","Netac Disco Duro Externo Port√°til SSD 500GB USB 3.2 Tipo-C Gen 2 Unidad de Estado S√≥lido para PC, Xbox Negro.","32.31",NULL,NULL,"0","200","activo","7","8","2025-05-16 22:49:42","2025-05-16 22:49:42"
"114","Webcam 4K 30FPS PC C√°mara con Micr√≥fono con Sensor Sony","Muy demandada desde el auge del teletrabajo. Buena para destacar.","29.74",NULL,NULL,"0","70","activo","7","8","2025-05-16 22:50:44","2025-05-16 22:50:44"
"115","Alfombrilla Rat√≥n Alfombrilla Rat√≥n XXL Gaming Tapete Escritorio Ordenador 800x300mm","[Tama√±o y comodidad] Nuestra alfombrilla escritorio tiene un tama√±o generoso de 800x300. Que proporciona un amplio espacio para mover el rat√≥n comodamente, sin que interfiera con el teclado lo que la hace tambi√©n una alfombrilla gaming ideal.","7.43",NULL,NULL,"0","50","activo","7","8","2025-05-16 22:51:39","2025-05-16 22:51:39"
"116","M√≥vil - Xiaomi Redmi Note 13, Midnight Black, 128 GB, 6 GB RAM, 6.67"" AMOLED FHD+, Snapdragon 685, 5000 mAh, Android","Haz que cada foto sea ic√≥nica con el sistema de triple c√°mara del Redmi Note 13, que incluye una c√°mara principal de 108 MP de gran nitidez y c√°maras dedicadas ultra gran angular y macro. Disfruta de m√°s formas de ver y capturar el mundo.","131.40","123.14","6","1","200","activo","1","2","2025-05-17 13:44:34","2025-05-17 13:44:34"
"117","M√≥vil - Samsung Galaxy A16 LTE, Black, 128 GB, 4 GB RAM, 6.7"" FHD+ Super AMOLED, MediaTek G99 Octa-core, 5000 mAh, Android","El smartphone Samsung Galaxy A16 LTE ha sido dise√±ado para ofrecer todo lo que necesitas en un dispositivo fabricado para durar. Su pantalla de gran calidad, perfecta para ver tu contenido favorito, su c√°mara con un kit de lentes completo y un ampl√≠o soporte con hasta 6 versiones de Android garantizadas y resistencia al polvo y agua IP 54 lo convierten en un referente en su categor√≠a.","164.46","139.67","15","1","100","activo","1","2","2025-05-17 13:45:29","2025-05-17 13:45:29"
"118","M√≥vil - Motorola moto g84 5G, Viva magenta, 256 GB, 8GB, 6.5"" Full HD+ POLED, Qualcomm¬Æ Snapdragon‚Ñ¢ 695 5G , 5000 mAh","V√≠stete de gala con el moto g84 5G de Motorola, con un estilo que te dejar√° sin palabras.","205.69","139.67","32","1","320","activo","1","2","2025-05-17 13:46:31","2025-05-17 13:46:31"
"119","Cargadores m√≥vil - SAMSUNG Cargador de red original Samsung carga r√°pida tipo C","El cargador de pared Samsung para tel√©fonos inteligentes es el accesorio perfecto para el uso diario. Con la tecnolog√≠a de carga r√°pida, puede cargar sus dispositivos de manera r√°pida y segura. El cargador viene con un cable de carga USB-C de 1 metro de largo. El dise√±o delgado y elegante del cargador se adapta perfectamente a su tel√©fono inteligente. El conjunto incluye el cable USB-C original de Samsung y el cargador en blanco. Compatible con tel√©fonos inteligentes Samsung. Caracter√≠sticas t√©cnicas: cargador, 2A, 15W, color: blanco, estado del art√≠culo: 100% nuevo. Contenido del paquete: 1x fuente de alimentaci√≥n Samsung EP-TA20, 1x cable de carga USB-C de Samsung.","13.21",NULL,NULL,"0","250","activo","1","2","2025-05-17 13:47:32","2025-05-17 13:47:32"
"120","Xiaomi Redmi Power Bank 20000 mAh 18W Fast Charge Negro","El nuevo Xiaomi Redmi Power Bank 20000 mAh 18W Fast Charge est√° creado para que puedas estar listo en cada momento. Esta nueva powerbank de Xiaomi cuenta con una capacidad increible de 20000 mAh, que te permitir√° cargar tus aparatos durante mucho tiempo. Adem√°s, est√° desarrollado con una doble salida USB para que puedas conectar hasta dos aparatos a la vez. Y, por otro lado, para que puedas estar listo r√°pidamente, cuenta con carga r√°pida de 18W, que te permitir√° estar listo en poco tiempo.","24.79",NULL,NULL,"0","200","activo","1","2","2025-05-17 13:49:11","2025-05-17 13:49:11"
"121","Apple iPhone 16, Negro, 128 GB, 5G, 6.1 "" OLED Super Retina XDR, Chip A18 Bionic, iOS","El iPhone 16 lleva la innovaci√≥n al siguiente nivel con su nuevo chip A18 Bionic, mayor eficiencia energ√©tica y rendimiento gr√°fico superior. Su pantalla Super Retina XDR ofrece colores m√°s vivos y mejor brillo, mientras que el sistema de c√°maras mejorado te permite capturar fotos y v√≠deos con una calidad profesional. Equipado con iOS 18, nuevas funciones de inteligencia artificial y mejoras en privacidad, el iPhone 16 es la herramienta definitiva para quienes lo quieren todo. Dise√±o elegante, potencia extrema y la experiencia Apple m√°s fluida hasta ahora.","792.56","685.12","14","1","200","activo","1","2","2025-05-17 13:51:39","2025-05-17 13:51:39"
"122","Apple iPhone 16 Plus, Negro, 128 GB, 5G, 6.7 "" OLED Super Retina XDR, Chip A18 Bionic, iOS","Disfruta de una experiencia visual envolvente con la impresionante pantalla OLED Super Retina XDR de 6.7 pulgadas, ideal para ver contenido en alta resoluci√≥n. El nuevo chip A18 Bionic ofrece un rendimiento ultrarr√°pido y eficiente, perfecto para multitarea, juegos exigentes y fotograf√≠a avanzada. Con conectividad 5G, almacenamiento de 128 GB y el nuevo iOS, el iPhone 16 Plus combina potencia, dise√±o elegante en color negro y tecnolog√≠a de √∫ltima generaci√≥n para llevar tu d√≠a a otro nivel.","916.53","784.30","14","1","240","activo","1","2","2025-05-17 13:52:39","2025-05-17 13:52:39"
"123","Apple iPhone 16 Pro Max, Titanio Desierto, 256 GB, 5G, 6.9 "" OLED Super Retina XDR, Chip A18 Pro, iOS","El iPhone 16 Pro Max redefine el concepto de smartphone premium con su elegante acabado en titanio desierto y su enorme pantalla OLED Super Retina XDR de 6.9 pulgadas, perfecta para contenido profesional y entretenimiento sin l√≠mites. Equipado con el nuevo chip A18 Pro, ofrece un rendimiento gr√°fico y de inteligencia artificial sin precedentes. Con 256 GB de almacenamiento, conectividad 5G y iOS de √∫ltima generaci√≥n, es la herramienta ideal para quienes exigen lo mejor en dise√±o, potencia y funcionalidad. Tecnolog√≠a Pro, dise√±o exclusivo.","1214.05","1057.02","13","1","200","activo","1","2","2025-05-17 13:53:35","2025-05-17 13:53:35"
"124","Apple iPhone 15, Negro, 128 GB, 5G, 6.1"" OLED Super Retina XDR, Chip A16 Bionic, iOS","La m√°xima innovaci√≥n de Apple en un dise√±o elegante y potente. Con materiales de titanio, una c√°mara profesional, y el nuevo chip A17 Pro, ofrece una experiencia fluida, segura y ultra r√°pida. Ideal para quienes buscan lo mejor en tecnolog√≠a m√≥vil.","709.92","585.95","17","1","100","activo","1","2","2025-05-17 14:15:11","2025-05-17 14:15:11"
"125","M√≥vil - SAMSUNG Galaxy S24 Ultra 12GB/ 256GB/ 6.8""/ 5G/ Gris Titanium, Titanium Gray, 256 GB, 12 GB RAM, 6,8 ""","Bienvenido a la nueva era de la telefon√≠a. Galaxy S24 Ultra es la estrella de la corona del nuevo lanzamiento de Samsung. El primer m√≥vil con Inteligencia Artificial de la compa√±√≠a supone toda una revoluci√≥n, ya que ofrece sorprendentes funcionalidades que explotan todo el potencial de la Inteligencia Artificial. Descubre una nueva forma de comunicar, crear contenido, jugar y navegar con tu Galaxy S24 Ultra.","818.08","732.22","10","1","240","activo","1","2","2025-05-17 14:16:44","2025-05-17 14:16:44"
"126","M√≥vil - GOOGLE Pixel 8 Pro, Verde, 128 GB, 12 GB RAM, 6,7 "", OLED, Gorilla Glass Victus 2, 120 Hz, Anti-huellas, Google Tensor G3 (4 nm), 5,050 mAh, Android","Los momentos cotidianos a trav√©s de una lente profesionalEl sistema de c√°maras actualizado de Pixel 8 Pro hace selfies m√°s n√≠tidos, primeros planos m√°s cerca y fotos y v√≠deos m√°s impresionantes.Cuenta con una triple c√°mara de 50MP+48MP+48MP para captar detalles a√∫n m√°s definidos, un Enfoque Macro mejorado y el mejor zoom que ha tenido nunca Pixel. Por otra parte, tenemos una c√°mara frontal de 10,5MP para que pueda hacer los selfies m√°s n√≠tidos hasta el momento. La C√°mara Pixel permite grabar v√≠deos n√≠tidos y fluidos con colores vivos y un audio claro, incluso en lugares concurridos y poco iluminados. La IA de Google aplica reducci√≥n de ruido para mejorar la calidad del v√≠deo con cualquier luz. No te preocupes por los v√≠deos inestables o imperfectos.","554.49","528.08","5","1","165","activo","1","2","2025-05-17 14:17:45","2025-05-17 14:17:45"
"127","M√≥vil - Xiaomi Redmi Note 14 Pro 5G, Negro medianoche, 256 GB, 8 GB RAM, 6.67"" AMOLED 1.5K, MediaTek Dimensity 7300-Ultra, 5110 mAh","El Redmi Note 14 Pro 5G incluye una impresionante c√°mara principal de 200 MP con estabilizaci√≥n √≥ptica de imagen (OIS) y una apertura de f/1.65, dise√±ada para capturar im√°genes n√≠tidas y vibrantes. Su sistema de c√°mara triple incluye tambi√©n una lente ultra gran angular de 8 MP y una macro de 2 MP, ofreciendo versatilidad para capturar paisajes amplios, primeros planos detallados y todo lo que hay entre ambos. Las funciones de IA como AI Beautify y AI Erase Pro permiten editar y mejorar tus fotos directamente en el dispositivo.","329.75","255.37","23","1","250","activo","1","2","2025-05-17 14:18:45","2025-05-17 14:18:45"
"128","M√≥vil - ONEPLUS 12 6,82P/5G/8N/12+256GB/B, Esmeralda, 512 GB, 16 GB RAM, 6,82 "", 3168 x 1440 pixel, Qualcomm Snapdragon 8 Gen3, 5400 mAh, Android","R√°pido y suave, as√≠ es el m√≥vil ONEPLUS 12 que ofrece potencia tu juego extremo durante m√°s de 3 horas. Est√° hecho de aluminio fundido y vidrio resistente. Est√° equipado con Gorilla Glass Victus 2, lo que ayuda a protegerlo contra da√±os f√≠sicos y uso excesivo. El tel√©fono inteligente tiene una pantalla AMOLED de 6.82 pulgadas. Dispone de una bater√≠a de 5400mAh. Est√° equipado con carga r√°pida de 100W, as√≠ como carga inal√°mbrica y carga inversa.","697.17","580.98","17","1","110","activo","1","2","2025-05-17 14:19:59","2025-05-17 14:19:59"
"129","M√≥vil - SAMSUNG Galaxy A55 5G, Violeta, 256 GB, 8 GB RAM, 6,6 "", FHD+ Super AMOLED, Exynos 1480, 5,000 mAh, Android","Combinaci√≥n perfecta de metal y cristalTe presentamos el nuevo Galaxy A55 5G. Mejoramos la sencillez caracter√≠stica de la Serie A de Galaxy con un dise√±o ic√≥nico que incluye un m√≥dulo de 3 c√°maras y un marco met√°lico plano que facilita el agarre y lo hace m√°s natural. Cuenta, adem√°s, con cristal Corning¬Æ Gorilla¬Æ Glass Victus¬Æ+, que lo hace m√°s resistente y duradero.Mejora tus fotos y v√≠deosLa c√°mara de p√≠xeles grandes absorbe m√°s luz para dar lugar a colores m√°s luminosos y precisos con menos ruido, incluso de noche. As√≠ es como funciona la Nightography m√°s incre√≠ble.Consigue fotos n√≠tidas y llenas de detalle con la c√°mara de alta resoluci√≥n Gran angular de 50 MP, que capta colores din√°micos y matices min√∫sculos para crear toda una experiencia visual. Es perfecta para inmortalizar momentos para compartir con tus seres queridos.La c√°mara selfie de 32 MP te permite sacar selfies de alt√≠sima calidad en tonos c√°lidos o naturales.","338.02",NULL,NULL,"0","80","activo","1","2","2025-05-17 14:20:44","2025-05-17 14:20:44"
"130","M√≥vil - XIAOMI Redmi Note 13 Pro, Verde, 512 GB, 12 GB RAM, 6,67 "", Full HD+AMOLED, Mediatek Helio G99 Ultra, 5000 mAh, Android","Pantalla AMOLEDPantalla de 6,67"" de gama alta. Con una alta frecuencia de actualizaci√≥n de 120 Hz, una amplia gama de colores DCI-P3 al 100 % y un bisel ultrafino, la pantalla ofrece im√°genes delicadas, supern√≠tidas y llamativas cargadas de colores brillantes. Las m√∫ltiples opciones de frecuencia de actualizaci√≥n se adaptan de forma inteligente a diferentes situaciones para reducir el consumo de energ√≠a y garantizar una visualizaci√≥n m√°s estable, lo que te proporciona una experiencia de visualizaci√≥n m√°s fluida.Experiencia audiovisual envolvente. La excelente relaci√≥n de pantalla a cuerpo y los dos altavoces est√©reo ofrecen unos efectos audiovisuales extraordinarios y una experiencia de visualizaci√≥n m√°s atractiva.Triple certificaci√≥n de T√úV Rheinland.","239.63","225.60","6","1","200","activo","1","2","2025-05-17 14:21:55","2025-05-17 14:21:55"
"131","M√≥vil - MOTOROLA Edge 40 5G, Negro, 256 GB, 8 GB RAM, 6,55 "", P-OLED, 144 Hz, Mediatek Dimensity 8020 (6 nm), 4400 mAh, Android","Autonom√≠a para todo el d√≠aEste Motorola dispone de una bater√≠a de larga duraci√≥n de 4400 mAh y gracias a su carga r√°pida Turbo Power de 68W, tendr√°s tu bater√≠a lista en cuesti√≥n de minutos. Si quieres olvidarte de cables, puedes disfrutar con su carga inal√°mbrica de 15W.Mejora tu perspectivaObt√©n fotos de mejor calidad gracias al sistema avanzado de c√°maras, que captura los detalles m√°s incre√≠bles, tanto de noche como de d√≠a. M√°ximo explendor con sus 50 MP para capturar los momentos m√°s inesperados, incluso en condiciones de poca luz gracias a su apertura de f/1.4.Ampl√≠a tus horizontes con su gran angular de 120¬∫ para abarcar hasta cuatro veces m√°s. De la misma manera, observa todos y cada uno de los detalles con el objetivo Macro Vision que te acerca cuatro veces m√°s al sujeto.Inmersi√≥n audiovisualDisfruta de tus programas, v√≠deos y pel√≠culas en una pantalla P-OLED sin bordes de 6,5"".","247.82","210.31","15","1","115","activo","1","2","2025-05-17 14:23:02","2025-05-17 14:23:02"
"132","Beurer FS 60 Sauna facial, vaporizador facial para el cuidado cosm√©tico del rostro","LIMPIEZA DE LA CARA: La sauna facial es una base ideal para su rutina de belleza - el vapor caliente y vigorizante abre los poros, aumenta la circulaci√≥n sangu√≠nea de la piel y las impurezas, como los puntos negros y los granos, se pueden eliminar mejor.","26.51",NULL,NULL,"0","200","activo","4","5","2025-05-17 14:27:06","2025-05-17 14:27:06"
"133","Cintur√≥n Calentador de Cintura Inal√°mbrico con Vibraci√≥n T√©rmica y Apagado Autom√°tico","Dise√±o inal√°mbrico: La c√≥moda almohadilla el√©ctrica inal√°mbrica est√° dise√±ada para ofrecer la m√°xima movilidad y facilidad de uso. Con la funci√≥n inal√°mbrica, puede disfrutar de los beneficios de un masaje en cualquier momento y en cualquier lugar sin estar atado a una toma de corriente.","49.58",NULL,NULL,"0","120","activo","4","5","2025-05-17 14:28:04","2025-05-17 14:28:04"
"134","Masajeador Cara Cuello Antiarrugas Masajeador Facial Reafirmante Mujer con Calor Luz LED","üíù „ÄêEMS Lifting & 45 ‚ÑÉ Heat„ÄëMasajeador facial electrico con funci√≥n caliente. Promueve la circulaci√≥n sangu√≠nea, acelera la absorci√≥n de nutrientes, combinado con el masaje EMS puede estimular los m√∫sculos faciales y hacer que tu rostro sea m√°s firme y suave. Combina masaje con 3 intensidades para eliminar la suciedad de la capa cut√°nea y ralentizar el envejecimiento cut√°neo.","21.49","20.52","5","1","80","activo","4","5","2025-05-17 14:29:02","2025-05-17 14:29:02"
"135","Alisador de Cabello, Planchas de Pelo Profesional, Calentamiento R√°pido","[Facilitar el alisado del cabello]: El cepillo alisador de cabello TYMO RING combina las caracter√≠sticas de un plancha de pelo y un cepillo, lo que le permite peinar su cabello mientras lo alisa. Con una sola herramienta, puede alisar f√°cilmente su cabello y simplificar el proceso de alisado, haciendo que el alisado del cabello sea m√°s f√°cil.","52.06","49.58","5","1","140","activo","4","5","2025-05-17 14:30:11","2025-05-17 14:30:11"
"136","M√°scara para Ojos de Vapor","„ÄêCalidez duradera„ÄëLa m√°scara de ojos con calefacci√≥n Flintronic es f√°cil de usar. No necesita microondas ni enchufe el√©ctrico, solo √°brala y col√≥quela, comenzar√° a calentarse sola. La m√°scara de ojos puede mantenerse caliente durante 30 a 40 minutos, controlando una temperatura de aproximadamente 40 ‚ÑÉ (104 F), por lo que puede aliviar su ojo rojo/seco con un calor h√∫medo de larga duraci√≥n.","7.43",NULL,NULL,"0","290","activo","4","5","2025-05-17 14:31:14","2025-05-17 14:31:14"
"137","Almohadilla T√©rmica Confort Cervical y Hombros","Tecnolog√≠a Intellisense desarrollada en Europa. Multitemporizador para seleccionar entre 3 tiempos programables de 45, 60 y 90 minutos. Autoapagado de seguridad 8h. 4 niveles de temperatura. Doble tejido hipoalerg√©nico, transpirable e interior de felpa. Calentamiento rapido en solo 5 minutos.","45.45","31.32","31","1","40","activo","4","5","2025-05-17 14:32:32","2025-05-17 14:32:32"
"138","Nekozen Masajeador Anticelul√≠tico, Tensado Eficaz de la Piel Anticelul√≠tico 12 Niveles de Succi√≥n Ajustable Port√°til y Recargable (Blanco)","Resultados Visibles: Reduce la celulitis y las estr√≠as, mejora la textura de la piel desde el primer uso, la potente tecnolog√≠a de adsorci√≥n estimula eficazmente la circulaci√≥n subcut√°nea, descompone las masas de grasa, ayuda a que la piel se vuelva m√°s tersa y suave, y la celulitis se reduce significativamente.","40.49",NULL,NULL,"0","130","activo","4","5","2025-05-17 14:33:26","2025-05-17 14:33:26"
"139","Cuadernos A4+A5 con Espiral, Tapa Dura y Frase Motivacional","{2 cuadernos de alta resistencia} Estas libretas A4 y A5 se destacan con su tapa dura y encuadernaci√≥n wire-0 de doble espiral, garantizando durabilidad y estilo en tus apuntes y proyectos.","13.14",NULL,NULL,"0","200","activo","8","9","2025-05-17 14:36:39","2025-05-17 14:36:39"
"140","PILOT Caja de 4 G2 - Bol√≠grafos Roller de Tinta de Gel","Un roller de tinta de gel indispensable: su punta de acero inoxidable y su bola de carburo de tungsteno resisten la presi√≥n, las ca√≠das y los golpes; Su robusto cuerpo tambi√©n es muy resistente al desgaste; Este bol√≠grafo roller Pilot nunca te defraudar√°.","7.01",NULL,NULL,"0","120","activo","8","9","2025-05-17 14:37:26","2025-05-17 14:37:26"
"141","Nicpro 2 Piezas Portaminas Metal Profesional 0,5 y 0,7 mm con Estuche","Nicpro portaminas MP1000 Series de 0.5 mm y 0.7 mm: viene con 2 l√°pices mec√°nicos de cuerpo completo de metal con 6 tubos de mina HB (0.5 mm y 0.7 mm), 2 gomas de borrar 4B-suaves, 9 recambios de mini borrador en una caja de almacenamiento resistente.","11.56",NULL,NULL,"0","150","activo","8","9","2025-05-17 14:38:22","2025-05-17 14:38:22"
"142","Pelikan, Set de 6 Subrayadores Fluorescentes, Marcadores en Colores Variados","La tinta fluorescente de los Textmarker 490 proporciona una visibilidad excepcional, haciendo que los textos resaltados se destaquen inmediatamente.","3.84",NULL,NULL,"0","100","activo","8","9","2025-05-17 14:39:14","2025-05-17 14:39:14"
"143","SHARPIE rotuladores permanentes | punta fina | colores surtidos est√°ndares | paquete de 4 marcadores | material escolar ideal","Su soberbia tinta permanente marca en papel, pl√°stico, metal y en casi cualquier otro tipo de superficie. Colores intensos y brillantes que crean impresiones personalizadas y vibrantes. Sorprendentemente resistente, la tinta se seca con rapidez y aguanta el desgaste y el contacto con el agua.","7.59","4.01","47","1","300","activo","8","9","2025-05-17 14:40:20","2025-05-17 14:40:20"
"144","OSAMA - Juego de 8 gomas de borrar para papeler√≠a, escuela, oficina, universidad y papeler√≠a, goma de borrar para material escolar y cosas para la escuela","Juego de gomas de borrar: gomas de borrar blancas empaquetadas individualmente, con forma rectangular, ideales para borrado preciso. Blister 8 piezas. Protecci√≥n ajustable: cada goma tiene una pel√≠cula protectora con papel para arrancar seg√∫n sea necesario, para ajustar el exceso. Indicado para l√°piz de grafito: excelente para l√°piz de grafito y para borrado sin manchas.","3.20",NULL,NULL,"0","400","activo","8","9","2025-05-17 14:41:25","2025-05-17 14:41:25"
"145","Faber-Castell 180984 - Sacapuntas con Manivela de Escritorio - Negro","Con el sacapuntas negro es posible afilar l√°pices y l√°pices de colores f√°cilmente. El sacapuntas con manivela es adecuado para l√°pices de madera redondos, triangulares y hexagonales. La gu√≠a del pasador se puede ajustar individualmente hasta un di√°metro de 8,4 mm. El gran dep√≥sito de recogida para las virutas y los residuos de punta minimiza la limpieza despu√©s del afilado.","8.26","6.57","20","1","200","activo","8","9","2025-05-17 14:42:22","2025-05-17 14:42:22"
"146","Faber-Castell 65021 - Pack escolar con escuadra, cartab√≥n, regla y semic√≠rculo, color verde","Compuesto por una escuadra, un cartab√≥n, una regla y un semic√≠rculo. Incluye una funda para poder guardarlo. Muy √∫til en la escuela y en tu hogar.","6.90","5.74","17","1","200","activo","8","9","2025-05-17 14:43:26","2025-05-17 14:43:26"
"147","Paper Mate Liquid Paper DryLine Grip cinta correctora, colores surtidos, paquete de 2 + 1","La cinta correctora permite tapar errores al instante, es resistente a los desgarros y no necesita secarse. Su forma y agarre ergon√≥micos aportan una comodidad y un control superiores. Gracias a su dise√±o compacto, cabe c√≥modamente en un estuche o una agenda de bolsillo.","8.63","5.49","36","1","500","activo","8","9","2025-05-17 14:44:41","2025-05-17 14:44:41"
"148","Post-It Notas Super Sticky Colecci√≥n Carnival, Paquete de 6 Blocs de Notas","Permanecen pegadas m√°s firmes y por m√°s tiempo. El adhesivo s√∫per fuerte hace que permanezcan pegadas de forma a√∫n m√°s segura que las Notas Post-it originales. Las Notas Post-it Super Sticky est√°n fabricadas 100% con fibras de papel certificadas por PEFC, con un adhesivo √∫nico basado en recursos renovables. Cada pack contiene 6 blocs (90 hojas/bloc).","19.00","9.97","48","1","340","activo","8","9","2025-05-17 14:46:20","2025-05-17 14:46:20"
"149","Cuaderno cl√°sico, A5, rayado, Grande, negro","Bloc de notas grande con 240 p√°ginas en blanco para notas, bocetos, reflexiones, etc.","11.56","8.83","24","1","200","activo","8","9","2025-05-17 14:47:25","2025-05-17 14:47:25"
"150","Carpeta de Fundas DELUXE en color Negro y Tama√±o A3 con 20 Fundas Ultra Cristal y Lomo Personalizable","Carpeta con Tapas r√≠gidas de alta resistencia y lomo personalizable.","10.33",NULL,NULL,"0","200","activo","8","9","2025-05-17 14:48:19","2025-05-17 14:48:19"
"151","Office Creative Caj√≥n escritorio Oculto Adhesivo, organizador escritorio, cajones escritorio, bandeja extraible escritorio - GRANDE (20x24x7cm)","REGALO: Nuestro Caj√≥n escritorio oculto incluye como REGALO un Clips de Soporte de Cables USB adhesivo para su escritorio o mesa de trabajo. Material de Calidad: Est√° hecho de pl√°stico de alta calidad y durabilidad. Este producto es robusto y resistente, no se desgaste f√°cilmente con el uso diario.","10.32",NULL,NULL,"0","150","activo","8","9","2025-05-17 14:49:27","2025-05-17 14:49:27"
"152","Perforadora de 2 Agujeros 810-P, 12 Hojas de Capacidad, Azul","ROBUSTA - Perforadora con mango de ABS y piezas de trabajo totalmente met√°licas para una perforaci√≥n consistente. DISE√ëO SENCILLO - Bandeja de confeti, ventanilla de personalizaci√≥n, base de goma para mayor estabilidad y bloqueo del mango para guardarla f√°cilmente.","3.46",NULL,NULL,"0","210","activo","8","9","2025-05-17 14:50:09","2025-05-17 14:50:09"
"153","Gomas el√°sticas ‚Äì natural ‚Äì Tama√±os surtidos ‚Äì Longitud plana: 30 mm, 60 mm, 80 mm ‚Äì Ancho: 1,7 mm ‚Äì Bolsa 100 g","Gomas el√°sticas ‚Äì natural ‚Äì Tama√±os surtidos - bolsa 100 g","8.18",NULL,NULL,"0","230","activo","8","9","2025-05-17 14:51:02","2025-05-17 14:51:02"
